id	x	y
0	3510139.75	4510181.28
1	3510147.73	4510049.81
2	3510153.36	4510107.9
3	3510003.83	4510082.01
4	3510064.78	4510131.21
5	3510039.94	4510072
6	3510164.15	4510018.19
7	3510051.03	4510002.03
8	3510109.12	4510181.17
9	3510138.07	4510194.66
10	3510000.61	4510109.97
11	3510185.05	4510131.35
12	3510113.96	4510068.9
13	3510118.5	4510162.86
14	3510039.76	4510052.99
15	3510158.42	4510080.81
16	3510016.08	4510002.61
17	3510102.85	4510129.13
18	3510153.29	4510104.05
19	3510111.92	4510112.84
20	3510166.75	4510083.13
21	3510022.26	4510018.36
22	3510053.72	4510053.21
23	3510029.03	4510020.88
24	3510143.86	4510018.18
25	3510101.01	4510156.59
26	3510049.83	4510174.49
27	3510123.03	4510108.29
28	3510050.39	4510095.11
29	3510169.25	4510177.53
30	3510033.17	4510038.96
31	3510050.52	4510139.1
32	3510173.29	4510125.46
33	3510161.41	4510065
34	3510043.35	4510181.12
35	3510084.53	4510189.84
36	3510090.43	4510114.89
37	3510175.77	4510022.97
38	3510179.61	4510192.52
39	3510165.8	4510171.47
40	3510193.91	4510138.51
41	3510012.45	4510091.48
42	3510040.63	4510158.3
43	3510146.69	4510006.13
44	3510194.73	4510123.2
45	3510098.53	4510039.12
46	3510019.82	4510151.8
47	3510137.68	4510161.76
48	3510189.57	4510018.59
49	3510132.07	4510137.63
50	3510110.09	4510170.34
51	3510151.56	4510157.79
52	3510094.7	4510020.83
53	3510097.93	4510165.79
54	3510116.56	4510195.38
55	3510038.24	4510124.01
56	3510196.49	4510012.48
57	3510126.78	4510046.31
58	3510019.76	4510144.15
59	3510104.39	4510044.95
60	3510004.48	4510041.03
61	3510171.01	4510024.09
62	3510104.46	4510140.69
63	3510168.99	4510092.32
64	3510174.81	4510061.41
65	3510018.68	4510107.92
66	3510189.11	4510184.7
67	3510041.42	4510046.05
68	3510072.45	4510032.33
69	3510188.72	4510167.96
70	3510167.9	4510035.8
71	3510080.85	4510006.26
72	3510034.57	4510114.32
73	3510039.48	4510083.56
74	3510003.12	4510099.94
75	3510107.85	4510067.42
76	3510160.99	4510000.56
77	3510048.97	4510115.8
78	3510192.74	4510189.34
79	3510157.49	4510018.65
80	3510114.1	4510150.42
81	3510178.06	4510006.87
82	3510163.98	4510103.32
83	3510177.49	4510058.61
84	3510059.72	4510114.14
85	3510054.63	4510183.66
86	3510024.73	4510079.18
87	3510010.5	4510075.69
88	3510182.04	4510172.73
89	3510055.23	4510163.7
90	3510028.05	4510088.41
91	3510116.9	4510199.22
92	3510036.25	4510119.92
93	3510068	4510128.19
94	3510122.53	4510147.39
95	3510117.69	4510054.31
96	3510115.15	4510069.47
97	3510079.53	4510166.03
98	3510042.26	4510029.26
99	3510044.32	4510002.75
100	3510082.04	4510145.1
101	3510066.22	4510111.05
102	3510136.86	4510199.72
103	3510059.33	4510138.31
104	3510165.35	4510145.24
105	3510020.36	4510172.56
106	3510171.84	4510197.7
107	3510169.98	4510039.98
108	3510107.9	4510159.45
109	3510031.11	4510135.93
110	3510199.49	4510188.7
111	3510145.13	4510033.34
112	3510128.25	4510181.51
113	3510070.26	4510030.83
114	3510061.9	4510010.25
115	3510022	4510125.01
116	3510029.91	4510190.23
117	3510025.71	4510018.04
118	3510009.67	4510088
119	3510186.05	4510132.03
120	3510090.6	4510135.11
121	3510182.27	4510107.46
122	3510000.35	4510121.27
123	3510177.01	4510045.62
124	3510081.92	4510082.92
125	3510045.61	4510190.48
126	3510060.32	4510059.33
127	3510013	4510107.43
128	3510097.98	4510168.16
129	3510158.56	4510138.52
130	3510004.42	4510183.32
131	3510014.68	4510188.47
132	3510123.48	4510008.54
133	3510141.76	4510188.38
134	3510051.52	4510030.78
135	3510151.62	4510037.54
136	3510174.23	4510046.61
137	3510056.36	4510042.9
138	3510099.16	4510107.38
139	3510128.24	4510007.15
140	3510150.12	4510067.38
141	3510014.37	4510121.4
142	3510083.94	4510025.48
143	3510041.12	4510029.23
144	3510123.28	4510046.68
145	3510089.48	4510133.51
146	3510157.47	4510133.97
147	3510134.93	4510139.38
148	3510074.89	4510192.33
149	3510106.61	4510178.78
150	3510089.88	4510024.87
151	3510153.65	4510101.5
152	3510170.69	4510129.19
153	3510071.31	4510046.78
154	3510089.03	4510101.48
155	3510079.22	4510149.4
156	3510180.63	4510049
157	3510181.89	4510132.85
158	3510038.07	4510079.29
159	3510119.76	4510174.8
160	3510036.68	4510122.27
161	3510037.73	4510021.75
162	3510120.61	4510075.63
163	3510041.3	4510147.86
164	3510167.57	4510075.93
165	3510149.34	4510156.48
166	3510165.72	4510073.26
167	3510101.76	4510014.04
168	3510087.96	4510145.68
169	3510120	4510064.29
170	3510032.18	4510014.97
171	3510062.12	4510167.65
172	3510054.99	4510059.13
173	3510119.03	4510008.16
174	3510076.81	4510129.55
175	3510096.1	4510064.18
176	3510051.47	4510110.42
177	3510179.23	4510057.64
178	3510090.15	4510014.51
179	3510134.5	4510077.06
180	3510155.74	4510180.52
181	3510083.96	4510098.22
182	3510002.85	4510039.27
183	3510120.24	4510158.96
184	3510119.02	4510132.11
185	3510176.05	4510010.04
186	3510171	4510032.59
187	3510112.35	4510183.86
188	3510047.8	4510162.24
189	3510159.41	4510152.79
190	3510163.68	4510114.33
191	3510011.79	4510038.6
192	3510039.54	4510098.56
193	3510030.23	4510003.44
194	3510053.12	4510103.86
195	3510110.18	4510095.13
196	3510129.44	4510199.55
197	3510144.91	4510015.36
198	3510109.47	4510013.66
199	3510136.32	4510124.29
200	3510066.93	4510081.09
201	3510109.02	4510096.01
202	3510080.05	4510048.7
203	3510087.17	4510069.06
204	3510033.45	4510190.17
205	3510155.55	4510047.64
206	3510133.93	4510107.69
207	3510111.74	4510002.03
208	3510116.19	4510100.99
209	3510008.99	4510105.57
210	3510010.74	4510144.15
211	3510034.27	4510056.46
212	3510182.62	4510038.26
213	3510151.22	4510059.63
214	3510089.99	4510168.09
215	3510016.05	4510166.93
216	3510093.01	4510047.33
217	3510056.71	4510017.34
218	3510187.01	4510144.94
219	3510062.75	4510064.62
220	3510106.28	4510137.12
221	3510172.29	4510051.77
222	3510055.83	4510073.72
223	3510021.51	4510003.81
224	3510121.97	4510105.69
225	3510141.54	4510045.05
226	3510197.77	4510180.27
227	3510080.95	4510113.14
228	3510037.17	4510188.89
229	3510177.04	4510182.46
230	3510104.68	4510183.08
231	3510133.35	4510146.72
232	3510161.44	4510185.38
233	3510193.84	4510115.08
234	3510138.11	4510158.77
235	3510135.02	4510097.92
236	3510169.4	4510088.67
237	3510087.57	4510053.02
238	3510046.59	4510075.64
239	3510120.49	4510159.91
240	3510008.07	4510025.74
241	3510017.79	4510109.14
242	3510159.33	4510087.76
243	3510033.32	4510067.73
244	3510171.59	4510005.49
245	3510192.93	4510079.19
246	3510189.16	4510171.88
247	3510118.23	4510156.06
248	3510099.31	4510135.96
249	3510150.47	4510197.46
250	3510186.19	4510080.18
251	3510074.46	4510157.12
252	3510059.8	4510158.94
253	3510115.23	4510143.24
254	3510123.25	4510190.72
255	3510014.02	4510069.61
256	3510156.68	4510179.1
257	3510118.31	4510037.53
258	3510013.08	4510094.5
259	3510008.26	4510021.29
260	3510030.98	4510133.4
261	3510024.65	4510136.76
262	3510092.04	4510189.07
263	3510173.42	4510090.87
264	3510085.63	4510096.94
265	3510095.05	4510055.23
266	3510189.13	4510123.67
267	3510129.53	4510127.16
268	3510196.3	4510004.54
269	3510073.67	4510049.05
270	3510005.84	4510160.38
271	3510074.91	4510012.57
272	3510011.12	4510138.67
273	3510055.12	4510117.29
274	3510142.76	4510150.83
275	3510052.91	4510152.22
276	3510093.65	4510154.81
277	3510035.62	4510013.18
278	3510195.47	4510061.16
279	3510048.99	4510083.26
280	3510168.23	4510165.37
281	3510195.27	4510050.89
282	3510112.76	4510174.88
283	3510125.29	4510092.11
284	3510045.7	4510022.88
285	3510067.12	4510155.77
286	3510058.58	4510094.21
287	3510124.71	4510174.49
288	3510132.69	4510047.72
289	3510192.77	4510157.52
290	3510008.18	4510080.57
291	3510017.88	4510157.72
292	3510049.97	4510023.58
293	3510181.63	4510009.24
294	3510031.2	4510045.53
295	3510073.49	4510057.46
296	3510179.67	4510084.08
297	3510107.05	4510144.36
298	3510179.11	4510092.93
299	3510118.57	4510022.12
300	3510009.47	4510041.12
301	3510186.63	4510035.75
302	3510102.5	4510125.33
303	3510178.79	4510031.16
304	3510093.86	4510086.43
305	3510056.53	4510172.32
306	3510082.54	4510104.07
307	3510008.34	4510011.16
308	3510188.82	4510041.64
309	3510096.2	4510060.41
310	3510141.49	4510197.57
311	3510086.9	4510038.06
312	3510161.64	4510007.31
313	3510094.22	4510021.81
314	3510152.75	4510035.68
315	3510196.24	4510190.51
316	3510178.48	4510129.12
317	3510010.23	4510085.49
318	3510010.74	4510068.41
319	3510042.96	4510084.52
320	3510017.82	4510021.11
321	3510024.02	4510076
322	3510073.64	4510132.97
323	3510076.06	4510065.95
324	3510091.67	4510177.65
325	3510064.73	4510196.66
326	3510117.47	4510066.44
327	3510194.09	4510068
328	3510027.02	4510157.8
329	3510122.65	4510136.22
330	3510186.85	4510000.42
331	3510136.58	4510080.55
332	3510058.72	4510059.49
333	3510170.22	4510186.29
334	3510002.08	4510106.82
335	3510123.97	4510033.53
336	3510192.49	4510031.39
337	3510079.92	4510169.13
338	3510104.27	4510153.8
339	3510126.29	4510141.36
340	3510111.98	4510153.11
341	3510018.52	4510103.5
342	3510025.73	4510180.24
343	3510014.45	4510049.81
344	3510081.28	4510137.81
345	3510097.26	4510175.95
346	3510177.11	4510003.61
347	3510129.88	4510128.61
348	3510152.47	4510196.21
349	3510084.73	4510054.47
350	3510110.87	4510002.39
351	3510163.21	4510070.29
352	3510026.86	4510185.08
353	3510178.41	4510191.89
354	3510146.46	4510090.41
355	3510114.71	4510058.06
356	3510178.52	4510116.19
357	3510014.3	4510040.56
358	3510198.74	4510152.98
359	3510010	4510119.92
360	3510199.84	4510055.29
361	3510101.16	4510137.35
362	3510140.55	4510189.14
363	3510137.72	4510001.08
364	3510177.74	4510177.21
365	3510198.64	4510184.23
366	3510109.7	4510055.12
367	3510075.73	4510007.22
368	3510183.53	4510070.23
369	3510131.33	4510187.68
370	3510168.62	4510013.56
371	3510143.87	4510024.67
372	3510033.96	4510137.62
373	3510119.63	4510002.23
374	3510119	4510142.59
375	3510015.15	4510155.6
376	3510040.58	4510078.1
377	3510071.78	4510048.22
378	3510049.89	4510051.06
379	3510134.74	4510047.83
380	3510164.64	4510040.34
381	3510021.11	4510095.87
382	3510038.43	4510055.28
383	3510041.38	4510076.59
384	3510087.38	4510063.53
385	3510153.93	4510195.8
386	3510060.81	4510082.89
387	3510021.77	4510067.51
388	3510024.22	4510075.12
389	3510167.99	4510163.34
390	3510049.98	4510188.32
391	3510113.66	4510192.46
392	3510153.89	4510037.63
393	3510184.56	4510110.7
394	3510081.4	4510126.87
395	3510187.54	4510155.16
396	3510173.65	4510001.54
397	3510080.37	4510179.42
398	3510076.59	4510152.13
399	3510128.62	4510043.39
400	3510013.68	4510008.64
401	3510072.78	4510138.99
402	3510071.13	4510058.47
403	3510043.4	4510158.26
404	3510125.73	4510098.82
405	3510173.9	4510135.64
406	3510161.86	4510031.09
407	3510181.74	4510024.42
408	3510025.66	4510195.61
409	3510190.85	4510156.82
410	3510142.5	4510075.05
411	3510022.44	4510117.31
412	3510012.59	4510059.88
413	3510147.62	4510113.41
414	3510112.58	4510172.59
415	3510122.64	4510125.48
416	3510136.13	4510045.13
417	3510172	4510142.26
418	3510178.43	4510132.38
419	3510126.3	4510065.65
420	3510153.34	4510134.95
421	3510117.12	4510024.89
422	3510176.04	4510107.29
423	3510018.87	4510148.87
424	3510072.03	4510097.42
425	3510100.64	4510015.23
426	3510001.44	4510132.85
427	3510030.68	4510047.39
428	3510007.23	4510149.22
429	3510067.72	4510086.38
430	3510145.35	4510098.26
431	3510032.78	4510107.55
432	3510030.43	4510108.93
433	3510089.5	4510088.54
434	3510185.71	4510070.63
435	3510196.53	4510118.83
436	3510036.05	4510161.63
437	3510108.98	4510058.64
438	3510132.28	4510020.18
439	3510196.86	4510107.15
440	3510028.77	4510151.09
441	3510080.05	4510041.99
442	3510049.73	4510057.18
443	3510042	4510093.69
444	3510042.95	4510056.54
445	3510142.8	4510198.45
446	3510063.28	4510056.84
447	3510065	4510017.49
448	3510193.12	4510080.64
449	3510046.72	4510117.67
450	3510142.53	4510086.8
451	3510169.41	4510186.73
452	3510034.3	4510059.71
453	3510065.26	4510147.18
454	3510115.45	4510025.86
455	3510086.38	4510021.31
456	3510028.63	4510104.97
457	3510104.13	4510121.15
458	3510144.07	4510067.68
459	3510155.32	4510032.82
460	3510155.88	4510103.78
461	3510042.67	4510075.6
462	3510166.26	4510129.34
463	3510173.52	4510172.79
464	3510071.23	4510036.35
465	3510117.43	4510037.66
466	3510006.54	4510166.05
467	3510196.46	4510157.52
468	3510156.5	4510011.19
469	3510114.15	4510178.35
470	3510168.85	4510032.96
471	3510049.56	4510013.41
472	3510146.26	4510191.11
473	3510069.06	4510194.19
474	3510180.55	4510150.97
475	3510181.8	4510125.96
476	3510172.78	4510153.74
477	3510197.65	4510195.6
478	3510032.14	4510161.79
479	3510099.62	4510106.24
480	3510012.09	4510049.02
481	3510084.65	4510062.33
482	3510113.85	4510010.44
483	3510154.05	4510079.27
484	3510091.3	4510009.28
485	3510113.86	4510057.74
486	3510171.36	4510022.23
487	3510066.27	4510104.16
488	3510080.76	4510128.9
489	3510120.56	4510046.94
490	3510157.89	4510131.15
491	3510076.25	4510051.55
492	3510042.59	4510138.22
493	3510187.22	4510033.64
494	3510194.04	4510124.15
495	3510029.25	4510194.61
496	3510062.08	4510197.58
497	3510073.06	4510184.64
498	3510162.2	4510065.3
499	3510183.59	4510097.55
500	3510089.59	4510150.71
501	3510076.28	4510019.86
502	3510083.25	4510185.66
503	3510098.2	4510067.53
504	3510136.48	4510011.26
505	3510071.62	4510159.6
506	3510101.52	4510058.32
507	3510186.93	4510088.82
508	3510049.97	4510197.91
509	3510065.3	4510144.14
510	3510132.66	4510179.98
511	3510025.83	4510091.63
512	3510069.03	4510132.36
513	3510191.1	4510145.22
514	3510179.1	4510117.63
515	3510064.73	4510182.35
516	3510137.32	4510083.24
517	3510086.69	4510111.42
518	3510116.32	4510143.57
519	3510076.88	4510089.26
520	3510199.46	4510182.11
521	3510073.79	4510074.59
522	3510134.03	4510105.54
523	3510121.52	4510138.97
524	3510005.98	4510082.85
525	3510053.65	4510049.55
526	3510194.64	4510047.49
527	3510004.74	4510175.44
528	3510015.89	4510132.83
529	3510193.01	4510109.74
530	3510191.01	4510129.55
531	3510094	4510150.5
532	3510060.31	4510102.17
533	3510175.6	4510103.04
534	3510151.49	4510070.37
535	3510054.79	4510075.31
536	3510069.07	4510148.83
537	3510147.72	4510007.83
538	3510044.19	4510075.83
539	3510172.23	4510100.3
540	3510064.84	4510060.15
541	3510106.83	4510073.53
542	3510054.63	4510093.82
543	3510027.15	4510174.76
544	3510131.46	4510038.08
545	3510115.72	4510041.81
546	3510159.36	4510139.17
547	3510161.11	4510165.81
548	3510006.05	4510010.71
549	3510187.86	4510181.29
550	3510015.7	4510096.18
551	3510100.71	4510100.83
552	3510119.78	4510195.11
553	3510117.01	4510038.01
554	3510110.36	4510126.92
555	3510089.49	4510191.01
556	3510006.6	4510137.29
557	3510158.56	4510037.46
558	3510120.33	4510128.58
559	3510093.26	4510123.46
560	3510150.57	4510160.09
561	3510188.35	4510196.35
562	3510104.81	4510052.91
563	3510123.58	4510072.43
564	3510108.18	4510084.25
565	3510154.83	4510061.21
566	3510153.37	4510003.91
567	3510042.96	4510171.59
568	3510123.15	4510066.36
569	3510034.39	4510030.62
570	3510039.84	4510023.92
571	3510063.03	4510117.01
572	3510173.76	4510132.88
573	3510086.52	4510054.76
574	3510036.17	4510092.47
575	3510120.65	4510124.82
576	3510025.62	4510005.95
577	3510198.39	4510039.1
578	3510107.18	4510032.78
579	3510141.64	4510026.93
580	3510116.75	4510050.64
581	3510115.66	4510004.14
582	3510104.01	4510110.59
583	3510074.32	4510145.32
584	3510196.87	4510029.05
585	3510012.05	4510112.65
586	3510199.54	4510056.8
587	3510127.09	4510162.76
588	3510083.15	4510011.55
589	3510100.51	4510124.48
590	3510003.22	4510061.89
591	3510182.57	4510018.05
592	3510115.53	4510154.03
593	3510005.11	4510109.98
594	3510120.71	4510149.52
595	3510031.57	4510040.7
596	3510082.74	4510028.97
597	3510087.86	4510085.63
598	3510148.16	4510040.06
599	3510199.59	4510019.41
600	3510026.68	4510124.62
601	3510175.28	4510198.1
602	3510059.5	4510198.47
603	3510032.07	4510019.94
604	3510016.18	4510070.05
605	3510022.05	4510001.54
606	3510002.73	4510077.41
607	3510036.51	4510082.16
608	3510173.79	4510093.92
609	3510177.77	4510046.01
610	3510194.93	4510175.98
611	3510070.85	4510097.96
612	3510131.08	4510121.24
613	3510132	4510021.95
614	3510168.46	4510103.28
615	3510042.93	4510028.12
616	3510068.73	4510012.06
617	3510000.2	4510176.09
618	3510189.23	4510176.14
619	3510086.05	4510038.3
620	3510010.27	4510134.78
621	3510118.41	4510074.29
622	3510020.88	4510109.44
623	3510109.06	4510191.41
624	3510018.48	4510060.41
625	3510045.43	4510181.21
626	3510110.84	4510033.8
627	3510018.35	4510143.34
628	3510020.42	4510085.15
629	3510056.9	4510161.29
630	3510173.02	4510074.37
631	3510112.23	4510053.58
632	3510109.95	4510087.1
633	3510186.41	4510186.93
634	3510164.82	4510014.17
635	3510056.67	4510150.37
636	3510124.35	4510044.91
637	3510000.37	4510108.24
638	3510148.01	4510131.8
639	3510143.65	4510150.83
640	3510161.53	4510099.45
641	3510013.54	4510110.41
642	3510084.22	4510022.31
643	3510097.14	4510078.23
644	3510007.53	4510091.68
645	3510035.48	4510099.73
646	3510059.08	4510004.39
647	3510176.9	4510069.83
648	3510167.79	4510176.59
649	3510017.98	4510032.51
650	3510157.1	4510101.53
651	3510047.01	4510195.57
652	3510072.21	4510129.57
653	3510141.95	4510132.37
654	3510179.19	4510186.2
655	3510029.35	4510104.79
656	3510182.36	4510185.01
657	3510042.43	4510056.94
658	3510194.24	4510183.9
659	3510147.05	4510075.85
660	3510063.86	4510185.72
661	3510181.86	4510045.61
662	3510199.75	4510105.84
663	3510155.54	4510032.09
664	3510042.52	4510122.38
665	3510048.37	4510042.94
666	3510016.46	4510007.87
667	3510177.3	4510088.09
668	3510160.17	4510029.37
669	3510163.84	4510196.08
670	3510157.93	4510117.24
671	3510102.33	4510053.91
672	3510159.42	4510098.11
673	3510126.48	4510082.31
674	3510054.21	4510015.71
675	3510062.74	4510123.18
676	3510021.19	4510199.51
677	3510091.71	4510038.73
678	3510023.24	4510094.69
679	3510159.73	4510185.79
680	3510064.09	4510049.66
681	3510061.12	4510011.44
682	3510138.46	4510161.55
683	3510114.08	4510147.45
684	3510096.46	4510026.42
685	3510060.58	4510061.14
686	3510020.55	4510120.25
687	3510153.71	4510040.53
688	3510050.12	4510154.19
689	3510042.23	4510044.02
690	3510048.22	4510006.95
691	3510018.66	4510137.94
692	3510067.26	4510034.42
693	3510016.6	4510185.82
694	3510098.3	4510147.15
695	3510114.33	4510063
696	3510073.07	4510040.9
697	3510164.55	4510013.03
698	3510150.72	4510136.49
699	3510105.71	4510016.27
700	3510104.58	4510030.68
701	3510053.03	4510082.09
702	3510118.04	4510065.91
703	3510024.63	4510077.25
704	3510005.69	4510119.82
705	3510075.77	4510032.74
706	3510052.73	4510139.63
707	3510029.66	4510108.85
708	3510076.51	4510095.24
709	3510142.09	4510069.97
710	3510170	4510184.41
711	3510014.98	4510120.27
712	3510064.69	4510147
713	3510020.52	4510039.67
714	3510074.21	4510130.94
715	3510185.06	4510027.1
716	3510061.47	4510109.35
717	3510029.82	4510022.65
718	3510172.9	4510172.78
719	3510148.14	4510082.83
720	3510052.8	4510094.05
721	3510122.46	4510024.01
722	3510171.81	4510181.39
723	3510074.74	4510060.11
724	3510074.89	4510129.01
725	3510127.52	4510118.87
726	3510177.92	4510024
727	3510004.36	4510109.01
728	3510114.48	4510088.94
729	3510122.53	4510030.47
730	3510136.08	4510165.28
731	3510175.02	4510096.01
732	3510154.46	4510189.92
733	3510059.87	4510136.16
734	3510146.5	4510053.9
735	3510161.83	4510041.55
736	3510123.19	4510158.49
737	3510079.96	4510137.2
738	3510023.3	4510042.18
739	3510182.75	4510043.19
740	3510038.17	4510192.39
741	3510053.89	4510147.28
742	3510144.62	4510180.35
743	3510022.04	4510089.28
744	3510124.32	4510127.58
745	3510030.77	4510182.07
746	3510096.04	4510057.99
747	3510176.67	4510121.56
748	3510073.65	4510038.3
749	3510050.94	4510158.77
750	3510097	4510057.18
751	3510172.31	4510036.78
752	3510092.66	4510000.3
753	3510158.17	4510101.83
754	3510136.52	4510014.83
755	3510005.02	4510092.25
756	3510145.52	4510050.92
757	3510147.37	4510105.68
758	3510159.16	4510176.02
759	3510107.87	4510086.15
760	3510183.44	4510144.69
761	3510086.06	4510195.87
762	3510010.75	4510026.94
763	3510020.54	4510116.63
764	3510188.48	4510005.04
765	3510199.13	4510094.11
766	3510111.08	4510129.85
767	3510015.15	4510087.1
768	3510044.25	4510060.78
769	3510047.05	4510132.55
770	3510152.89	4510133.96
771	3510006.16	4510047.29
772	3510158.7	4510175.55
773	3510139.24	4510151.19
774	3510133.9	4510032.24
775	3510105.22	4510123.8
776	3510165.56	4510032.44
777	3510113.79	4510024.58
778	3510126.88	4510196.57
779	3510134.59	4510163.67
780	3510169.22	4510046.56
781	3510074.19	4510153.24
782	3510026.76	4510049.05
783	3510087.62	4510149.98
784	3510054.88	4510102.91
785	3510110.14	4510177.78
786	3510046.53	4510137.93
787	3510025.1	4510086.81
788	3510196.39	4510008.26
789	3510062.02	4510018.87
790	3510090.23	4510017.75
791	3510090.31	4510121.74
792	3510035.82	4510121.57
793	3510130.72	4510098.34
794	3510126.64	4510056.66
795	3510030.46	4510063.42
796	3510051.99	4510178.21
797	3510091.74	4510142.3
798	3510096.78	4510049.57
799	3510136.27	4510151.54
800	3510198.2	4510178.02
801	3510074.37	4510073.84
802	3510027.37	4510104.24
803	3510153.81	4510061.86
804	3510184.44	4510132.03
805	3510198.53	4510036.06
806	3510128.97	4510160.31
807	3510051.57	4510154.69
808	3510149.94	4510135.69
809	3510099.83	4510058.34
810	3510159.07	4510070.65
811	3510055.83	4510116.66
812	3510178.46	4510040.44
813	3510150.22	4510115.86
814	3510042.62	4510153.75
815	3510004.59	4510198.78
816	3510022.09	4510047.51
817	3510106.32	4510067.8
818	3510161.69	4510040.12
819	3510148.85	4510032.36
820	3510058.68	4510183
821	3510161.18	4510080.77
822	3510097.33	4510070.93
823	3510007.96	4510045.05
824	3510104.96	4510030.13
825	3510163.46	4510042.48
826	3510093.07	4510048.6
827	3510008.71	4510174.85
828	3510112.45	4510129.28
829	3510018.67	4510143.89
830	3510073.91	4510011.4
831	3510011.6	4510139.92
832	3510021.53	4510106.32
833	3510011.88	4510156.6
834	3510103.2	4510068.16
835	3510010.35	4510046.68
836	3510004.32	4510127.54
837	3510150.35	4510076.58
838	3510015.29	4510113.63
839	3510046.15	4510156.6
840	3510049.35	4510086.62
841	3510024.35	4510000.4
842	3510038.91	4510113.49
843	3510006.34	4510148.58
844	3510153.71	4510050.32
845	3510029.02	4510041.68
846	3510138.17	4510091.09
847	3510011.75	4510095.16
848	3510151.12	4510027.73
849	3510014.06	4510011.81
850	3510061.01	4510107.67
851	3510041.72	4510128.29
852	3510013.35	4510065.22
853	3510172.31	4510134.71
854	3510129.29	4510184.13
855	3510132.66	4510115.67
856	3510100.84	4510031.98
857	3510161.35	4510127.37
858	3510003.47	4510177.03
859	3510083.89	4510017.53
860	3510053.59	4510186.22
861	3510192.25	4510016.57
862	3510088.94	4510032.65
863	3510015.37	4510154.81
864	3510119.68	4510022.35
865	3510097.49	4510082.28
866	3510131.7	4510114.3
867	3510110.23	4510107.48
868	3510165.73	4510044.93
869	3510022.64	4510004
870	3510104.46	4510050.53
871	3510034.48	4510014.23
872	3510103.07	4510011.15
873	3510015.01	4510000.84
874	3510188.05	4510175.77
875	3510021.25	4510159.58
876	3510053	4510161.94
877	3510096.96	4510178.28
878	3510026.59	4510039.39
879	3510169.63	4510108.49
880	3510156.93	4510020.45
881	3510054.52	4510049.82
882	3510043.75	4510004.11
883	3510150.67	4510032.99
884	3510176.14	4510098.22
885	3510024.05	4510035.78
886	3510190.15	4510157.84
887	3510193.42	4510112.46
888	3510009.89	4510039.87
889	3510189.59	4510064.27
890	3510123.3	4510079.54
891	3510107.41	4510106.88
892	3510024.66	4510058.75
893	3510086.99	4510133.69
894	3510180.04	4510013.95
895	3510113.39	4510179.31
896	3510023.25	4510075.72
897	3510182.75	4510117.46
898	3510077.55	4510140.1
899	3510109.63	4510110.53
900	3510112.09	4510043.36
901	3510117.36	4510039.34
902	3510124.69	4510175.13
903	3510079.29	4510199.35
904	3510188.64	4510067.98
905	3510150.49	4510162.46
906	3510180.79	4510024.61
907	3510063.98	4510186.82
908	3510130.65	4510139.72
909	3510093.79	4510127.78
910	3510192.83	4510024.38
911	3510072.59	4510102.97
912	3510012.85	4510153.04
913	3510019.27	4510152.39
914	3510119.87	4510094.09
915	3510149.01	4510056.61
916	3510181.92	4510027.92
917	3510178.75	4510145.51
918	3510004.69	4510189.18
919	3510097.11	4510100.33
920	3510158.4	4510051.11
921	3510187.14	4510044.4
922	3510058.14	4510002.85
923	3510041.13	4510194.61
924	3510156.72	4510141.71
925	3510051.95	4510004.47
926	3510036.08	4510150.14
927	3510171.73	4510106.49
928	3510025.76	4510009.42
929	3510145.71	4510019.48
930	3510199.8	4510021.46
931	3510055.7	4510141.03
932	3510167.86	4510115.73
933	3510101.1	4510101.95
934	3510081.33	4510076.34
935	3510100.33	4510098.08
936	3510197.69	4510131.06
937	3510184.66	4510033.62
938	3510129.96	4510184.76
939	3510130.68	4510033.42
940	3510049.6	4510041.93
941	3510175.81	4510187
942	3510073.25	4510016.66
943	3510106.15	4510099.4
944	3510131.73	4510105.81
945	3510008.85	4510157.66
946	3510033.4	4510195.47
947	3510050.83	4510148.28
948	3510101.96	4510015.09
949	3510028.87	4510058.42
950	3510119.74	4510029.98
951	3510165.52	4510038.09
952	3510053.88	4510195.66
953	3510099.09	4510194.83
954	3510001.52	4510062.98
955	3510004.97	4510157.7
956	3510001.57	4510085.16
957	3510131.23	4510147.16
958	3510043.3	4510154.02
959	3510195.49	4510012.81
960	3510179	4510198.76
961	3510027.78	4510154.65
962	3510022.79	4510080.38
963	3510142.04	4510186.5
964	3510080.62	4510185.24
965	3510106.29	4510054.03
966	3510023.61	4510146.71
967	3510078.72	4510092.23
968	3510048.84	4510178.26
969	3510007.14	4510024.63
970	3510097.09	4510112.8
971	3510103.46	4510100.3
972	3510072.92	4510168.71
973	3510105.56	4510177.33
974	3510001.45	4510011.96
975	3510094.16	4510056.02
976	3510033.7	4510118.57
977	3510074.77	4510043.92
978	3510081.64	4510077.57
979	3510173.95	4510148.67
980	3510106.44	4510169.24
981	3510139.06	4510058.91
982	3510164.09	4510111.66
983	3510024.11	4510020.63
984	3510085.79	4510186.37
985	3510182.51	4510127.92
986	3510191.42	4510098.33
987	3510052.16	4510060.76
988	3510144.86	4510152.2
989	3510063.64	4510078.82
990	3510092.05	4510054.63
991	3510097.66	4510087.37
992	3510012.68	4510079.12
993	3510012.77	4510162.13
994	3510081.86	4510033.63
995	3510173.31	4510080.09
996	3510059.97	4510126.78
997	3510055.69	4510114.22
998	3510022.35	4510074.2
999	3510061.7	4510120.33
1000	3510056.58	4510091.71
1001	3510126.23	4510122.33
1002	3510010.94	4510187.06
1003	3510072.15	4510076.61
1004	3510176.24	4510034.09
1005	3510188.66	4510074.22
1006	3510075.74	4510150.55
1007	3510076.99	4510160.64
1008	3510153.77	4510025.58
1009	3510105.2	4510032.91
1010	3510161.71	4510019.8
1011	3510183.9	4510089.04
1012	3510053.96	4510103.13
1013	3510170.5	4510096.25
1014	3510192.04	4510142.77
1015	3510095.44	4510097.81
1016	3510086.63	4510013.14
1017	3510077.43	4510182.1
1018	3510074	4510187.7
1019	3510076.74	4510132.38
1020	3510030.21	4510041.75
1021	3510024.58	4510098.5
1022	3510059.15	4510028.31
1023	3510199.08	4510193.59
1024	3510098.31	4510094.09
1025	3510157.67	4510022.16
1026	3510052.61	4510019.58
1027	3510194.79	4510052.97
1028	3510161.43	4510140.97
1029	3510039.45	4510086.32
1030	3510188.64	4510029.48
1031	3510133.97	4510188.08
1032	3510041.69	4510024.69
1033	3510056.92	4510139.19
1034	3510004.4	4510112.25
1035	3510077.64	4510092.19
1036	3510172.01	4510140.85
1037	3510010.08	4510092.23
1038	3510079.85	4510004.54
1039	3510195.42	4510078.19
1040	3510152.07	4510189.11
1041	3510018.65	4510183.25
1042	3510165.24	4510191.6
1043	3510140.55	4510198.82
1044	3510017.2	4510063.57
1045	3510099.92	4510137.21
1046	3510018.42	4510040.23
1047	3510042.7	4510103
1048	3510135.24	4510197.06
1049	3510129.44	4510133.25
1050	3510191.4	4510148.63
1051	3510153.95	4510143.62
1052	3510192.69	4510191.78
1053	3510052.67	4510096.9
1054	3510096.44	4510161.07
1055	3510042.88	4510183.62
1056	3510138.97	4510027.9
1057	3510139.67	4510088.9
1058	3510084.06	4510083.41
1059	3510151.18	4510061.5
1060	3510107.83	4510146.23
1061	3510060.43	4510007.26
1062	3510085.81	4510023.33
1063	3510110.75	4510061
1064	3510157.38	4510054.58
1065	3510052.8	4510012.01
1066	3510030.18	4510040.45
1067	3510076.48	4510084.53
1068	3510051.61	4510044.79
1069	3510129.43	4510064.03
1070	3510099.01	4510143.22
1071	3510060.21	4510012.05
1072	3510024.82	4510039.43
1073	3510169.88	4510014.74
1074	3510049.45	4510081.69
1075	3510004.2	4510164.6
1076	3510184.28	4510107.06
1077	3510121.33	4510033.85
1078	3510004.54	4510133.36
1079	3510140.89	4510004.81
1080	3510123.5	4510062.84
1081	3510125.13	4510150.94
1082	3510188.19	4510127.95
1083	3510085.49	4510050.82
1084	3510016.27	4510104.44
1085	3510093.57	4510046.26
1086	3510199.39	4510090.4
1087	3510070.48	4510113.83
1088	3510166.21	4510090.81
1089	3510146	4510130.25
1090	3510057.16	4510167
1091	3510094.96	4510152.75
1092	3510182.13	4510108.5
1093	3510080.88	4510101.83
1094	3510193.87	4510074.17
1095	3510191	4510013.46
1096	3510045.91	4510100.97
1097	3510031.93	4510022.1
1098	3510052.52	4510189.69
1099	3510119.14	4510057.09
1100	3510101.97	4510150.15
1101	3510117.42	4510048.76
1102	3510153.87	4510052.78
1103	3510110.3	4510006.42
1104	3510008.07	4510081.64
1105	3510137.98	4510166.88
1106	3510123.46	4510197.19
1107	3510186.89	4510141.21
1108	3510152.92	4510061.4
1109	3510086.9	4510106.35
1110	3510154.83	4510010.03
1111	3510018.98	4510027.26
1112	3510091.45	4510014.59
1113	3510118.84	4510116.57
1114	3510030.42	4510074.17
1115	3510161.62	4510178.78
1116	3510119.14	4510131.02
1117	3510165.09	4510019.38
1118	3510051.65	4510150.47
1119	3510080.94	4510111.51
1120	3510087.02	4510040.92
1121	3510169.14	4510125.26
1122	3510088.99	4510015.86
1123	3510074.85	4510099.79
1124	3510197.26	4510168.52
1125	3510169.19	4510199.06
1126	3510109.35	4510108.49
1127	3510177.46	4510093.81
1128	3510130.07	4510081.25
1129	3510010.26	4510110.81
1130	3510003.63	4510053.22
1131	3510130.75	4510143.38
1132	3510094.76	4510047.22
1133	3510146.82	4510117.33
1134	3510034.15	4510144.3
1135	3510194.1	4510162.12
1136	3510151.1	4510197.13
1137	3510062.1	4510057.47
1138	3510175.63	4510100.45
1139	3510017.68	4510134.75
1140	3510107.23	4510153.1
1141	3510161.33	4510008.96
1142	3510165.96	4510122.39
1143	3510130.74	4510152.5
1144	3510106.97	4510165.68
1145	3510074.9	4510117.62
1146	3510170.36	4510048.57
1147	3510151.94	4510034.19
1148	3510170.54	4510135.48
1149	3510110.83	4510160.8
1150	3510119.12	4510136.02
1151	3510031.53	4510014.87
1152	3510085.1	4510007.4
1153	3510011.15	4510135.46
1154	3510148.36	4510112.49
1155	3510141.23	4510166.83
1156	3510126.07	4510193.37
1157	3510036.15	4510143.22
1158	3510183.91	4510015.67
1159	3510100.91	4510168.59
1160	3510029.25	4510142.64
1161	3510105.41	4510065.46
1162	3510168.94	4510139.13
1163	3510199.32	4510043.4
1164	3510120.38	4510014.91
1165	3510070.83	4510138.38
1166	3510085.62	4510083.98
1167	3510139.27	4510148.9
1168	3510061.63	4510049.75
1169	3510157.91	4510165.55
1170	3510100.94	4510071.15
1171	3510146.03	4510011.69
1172	3510005.73	4510026.82
1173	3510050.49	4510145.28
1174	3510103.76	4510091.68
1175	3510154.33	4510160.98
1176	3510110.6	4510140.73
1177	3510147.33	4510096.99
1178	3510076.41	4510067.38
1179	3510027.08	4510064.28
1180	3510019.97	4510055.67
1181	3510173.97	4510172.51
1182	3510165.75	4510195.28
1183	3510164.64	4510124.76
1184	3510176.66	4510126.44
1185	3510003.08	4510138.01
1186	3510039.33	4510003.23
1187	3510116.37	4510080.23
1188	3510016.36	4510055.83
1189	3510015.97	4510069.45
1190	3510147.85	4510169.88
1191	3510027.01	4510091.96
1192	3510141.29	4510012.77
1193	3510089.18	4510161.64
1194	3510018.26	4510173.4
1195	3510126.22	4510162
1196	3510009.01	4510011.92
1197	3510154.85	4510196.07
1198	3510082.91	4510116.86
1199	3510080.61	4510056.83
1200	3510059.8	4510044.25
1201	3510090.46	4510142.08
1202	3510180.66	4510034.14
1203	3510080.59	4510096.7
1204	3510117.32	4510183.48
1205	3510197.87	4510166.94
1206	3510047.89	4510053.18
1207	3510098.81	4510003.6
1208	3510086.48	4510049.32
1209	3510173.51	4510131.92
1210	3510058.78	4510030.97
1211	3510194.03	4510199.03
1212	3510058.66	4510105.09
1213	3510023.03	4510125.6
1214	3510167.74	4510087
1215	3510174.23	4510181.74
1216	3510037.09	4510118.73
1217	3510065.19	4510181.54
1218	3510066.66	4510187.62
1219	3510187.59	4510123.46
1220	3510140.03	4510118.61
1221	3510157.37	4510086.15
1222	3510046.61	4510161.88
1223	3510043.79	4510088.91
1224	3510008.61	4510007.14
1225	3510172.37	4510085.16
1226	3510050.79	4510014.3
1227	3510066.16	4510021.75
1228	3510122.69	4510022.42
1229	3510005.79	4510048.76
1230	3510142.88	4510083.91
1231	3510068.16	4510013.99
1232	3510036.78	4510193.31
1233	3510003.7	4510137.45
1234	3510054.36	4510129.23
1235	3510112.7	4510199.58
1236	3510126.96	4510060.98
1237	3510046.22	4510017.26
1238	3510051.9	4510138.38
1239	3510036.9	4510119.51
1240	3510179.14	4510174.87
1241	3510066.14	4510033.05
1242	3510115.71	4510109.48
1243	3510184.33	4510159.06
1244	3510114.22	4510043.26
1245	3510142.27	4510129.01
1246	3510122.39	4510029.75
1247	3510107.54	4510034.59
1248	3510169.81	4510060.32
1249	3510066.83	4510138.69
1250	3510048.9	4510067.94
1251	3510158.14	4510109.44
1252	3510161.27	4510173.78
1253	3510186.36	4510174.68
1254	3510080.42	4510156.57
1255	3510000.9	4510081.47
1256	3510118.06	4510030.63
1257	3510071.67	4510195.43
1258	3510135.45	4510032.65
1259	3510081.41	4510009.96
1260	3510062.42	4510173.64
1261	3510062.16	4510036.02
1262	3510013.26	4510127.72
1263	3510001.92	4510154.25
1264	3510024.7	4510022.15
1265	3510024.22	4510070.58
1266	3510066.52	4510064.16
1267	3510001.6	4510178.95
1268	3510122.96	4510127.36
1269	3510147.48	4510155.6
1270	3510093.1	4510191.33
1271	3510094.92	4510124.26
1272	3510151.34	4510123.31
1273	3510110.86	4510055.9
1274	3510109.27	4510004.3
1275	3510023.06	4510155.23
1276	3510147.76	4510146.97
1277	3510074.85	4510137.83
1278	3510099.41	4510013.3
1279	3510104.16	4510044.34
1280	3510118.67	4510187.13
1281	3510133.61	4510085.89
1282	3510177.2	4510053.32
1283	3510052.93	4510034.69
1284	3510033.2	4510169.78
1285	3510087.69	4510173.88
1286	3510099.25	4510104.99
1287	3510165.66	4510066.46
1288	3510073.13	4510049.9
1289	3510170.47	4510022.86
1290	3510064.82	4510015.89
1291	3510041.22	4510127.37
1292	3510057.89	4510093.57
1293	3510062.31	4510104.92
1294	3510071.28	4510019.71
1295	3510083.36	4510112.67
1296	3510061.86	4510061.17
1297	3510162.26	4510078.83
1298	3510138.77	4510055.75
1299	3510037.16	4510138.45
1300	3510100.23	4510012.19
1301	3510199.67	4510152.91
1302	3510148.58	4510186.75
1303	3510025.19	4510149.69
1304	3510054.82	4510154.53
1305	3510054.26	4510081.96
1306	3510166.83	4510141.73
1307	3510036.93	4510042.98
1308	3510130.08	4510089.23
1309	3510116.34	4510009.34
1310	3510010.3	4510021.07
1311	3510112.07	4510012.57
1312	3510108.21	4510001.59
1313	3510146.12	4510128.76
1314	3510191.78	4510177.11
1315	3510199.92	4510059.4
1316	3510021.78	4510162.43
1317	3510157.31	4510155.15
1318	3510106.72	4510010.75
1319	3510036.63	4510038
1320	3510154.89	4510140.48
1321	3510067.66	4510002.23
1322	3510003.29	4510088.77
1323	3510196.11	4510196.51
1324	3510146.54	4510130.75
1325	3510121.83	4510018.92
1326	3510123.04	4510091.96
1327	3510034.53	4510013.04
1328	3510116.29	4510158.55
1329	3510144.34	4510145.05
1330	3510161.78	4510024.79
1331	3510009.9	4510154.04
1332	3510084.81	4510072.24
1333	3510093.3	4510098.04
1334	3510050.08	4510042.81
1335	3510128.29	4510150.22
1336	3510033.88	4510012.81
1337	3510099.17	4510011.87
1338	3510172.26	4510178.33
1339	3510026.22	4510022.62
1340	3510083.48	4510101.72
1341	3510097.35	4510008.25
1342	3510131.16	4510134.98
1343	3510123.55	4510118.5
1344	3510144.08	4510029.37
1345	3510113.77	4510066.6
1346	3510041.1	4510135.67
1347	3510182.43	4510148.19
1348	3510039.03	4510116.39
1349	3510002.19	4510022.19
1350	3510135.14	4510039.39
1351	3510062.7	4510044.17
1352	3510128.79	4510008.72
1353	3510013.95	4510037.69
1354	3510191.88	4510046.68
1355	3510121.84	4510175.37
1356	3510055.4	4510182.37
1357	3510071.94	4510087.25
1358	3510114.81	4510199.93
1359	3510029.91	4510043.57
1360	3510020.07	4510107.22
1361	3510067.23	4510018.6
1362	3510097.26	4510165.96
1363	3510077.16	4510013.42
1364	3510032.45	4510179.01
1365	3510117.08	4510174.1
1366	3510183.45	4510023.72
1367	3510164.67	4510081.87
1368	3510032.17	4510013.06
1369	3510117.62	4510040.46
1370	3510021.57	4510108.51
1371	3510026.95	4510077.57
1372	3510161.95	4510027.45
1373	3510145.09	4510058.57
1374	3510066.92	4510170.57
1375	3510144.37	4510062.92
1376	3510191.29	4510033.56
1377	3510154.71	4510182.47
1378	3510139.7	4510106.56
1379	3510183.75	4510156.02
1380	3510066.89	4510005.49
1381	3510122.4	4510109.58
1382	3510116.99	4510093.53
1383	3510188.27	4510023.66
1384	3510024.4	4510144.42
1385	3510032.69	4510099.23
1386	3510196.29	4510132.39
1387	3510005.06	4510125.97
1388	3510015.08	4510079.32
1389	3510167.57	4510069.05
1390	3510153.54	4510148.3
1391	3510055.25	4510018.29
1392	3510176.06	4510173.15
1393	3510071.21	4510115.16
1394	3510070.28	4510116.42
1395	3510165.62	4510113.93
1396	3510132.22	4510037.26
1397	3510145.07	4510129.98
1398	3510186.98	4510162.44
1399	3510086.17	4510125.39
1400	3510022.09	4510041.89
1401	3510007.05	4510116.9
1402	3510021.29	4510136.19
1403	3510195.72	4510126.59
1404	3510056.61	4510165.42
1405	3510066.78	4510079.7
1406	3510043.53	4510068.65
1407	3510071.89	4510130.28
1408	3510174.35	4510132.24
1409	3510157.06	4510061.6
1410	3510014.18	4510109.29
1411	3510038.44	4510149.39
1412	3510150.77	4510097.46
1413	3510103.69	4510066.98
1414	3510037.6	4510180.02
1415	3510188.75	4510119.29
1416	3510061.89	4510014.64
1417	3510026.23	4510063.46
1418	3510043.38	4510061.18
1419	3510161.18	4510134.03
1420	3510085.8	4510064.08
1421	3510086.83	4510039.52
1422	3510168.46	4510072.56
1423	3510104.49	4510152.25
1424	3510163.23	4510073.43
1425	3510144.9	4510079.08
1426	3510183.06	4510165.27
1427	3510157.25	4510129.59
1428	3510195.27	4510173.54
1429	3510027.42	4510091.45
1430	3510142.62	4510015.46
1431	3510076.55	4510065.07
1432	3510118.33	4510017.26
1433	3510006.43	4510005.15
1434	3510016.78	4510151.81
1435	3510076.45	4510088.88
1436	3510110.24	4510073.48
1437	3510100	4510005.07
1438	3510149.68	4510004.19
1439	3510025.4	4510130.85
1440	3510140.9	4510018.72
1441	3510014.92	4510100.88
1442	3510147.57	4510167.95
1443	3510179.41	4510188.64
1444	3510134.2	4510021.93
1445	3510159.35	4510045.55
1446	3510139.4	4510135.46
1447	3510187.63	4510051.74
1448	3510038.29	4510093.43
1449	3510140.44	4510088.1
1450	3510061.78	4510124.37
1451	3510172.28	4510019.8
1452	3510167.62	4510096.74
1453	3510101.68	4510057.69
1454	3510199.44	4510070.06
1455	3510061.66	4510132.09
1456	3510009.2	4510189.74
1457	3510049.14	4510125.06
1458	3510034.34	4510148.34
1459	3510198.6	4510008.97
1460	3510173.37	4510136.74
1461	3510134.63	4510032.82
1462	3510190.5	4510152.3
1463	3510194.47	4510182.56
1464	3510119.98	4510021.49
1465	3510042.1	4510016.55
1466	3510175.9	4510123.77
1467	3510099.37	4510031.43
1468	3510003.88	4510093.97
1469	3510121.94	4510145.12
1470	3510069.05	4510054.62
1471	3510069.47	4510105.79
1472	3510199.87	4510190.28
1473	3510074.17	4510170.98
1474	3510195.17	4510035.35
1475	3510092.3	4510034.18
1476	3510064.74	4510133.45
1477	3510095.91	4510048.61
1478	3510184.93	4510121.3
1479	3510004.26	4510047.36
1480	3510081.39	4510170.04
1481	3510017.89	4510029.63
1482	3510140.95	4510109.56
1483	3510128.16	4510122.32
1484	3510191.33	4510156.07
1485	3510055.29	4510083.4
1486	3510047.1	4510145.72
1487	3510147.72	4510148.64
1488	3510044.67	4510078.8
1489	3510153.16	4510183.25
1490	3510094.93	4510029.37
1491	3510070.75	4510099.75
1492	3510093.04	4510143.84
1493	3510123.58	4510040.18
1494	3510011.05	4510036.73
1495	3510056.66	4510007.17
1496	3510053.19	4510065.94
1497	3510127.97	4510156.48
1498	3510107.25	4510080.46
1499	3510028.35	4510052.02
1500	3510117.83	4510148.72
1501	3510160.68	4510149.79
1502	3510175.79	4510096.94
1503	3510066.21	4510025.48
1504	3510124.44	4510009.41
1505	3510143.61	4510090.14
1506	3510052.26	4510115.81
1507	3510174.14	4510085.53
1508	3510188.15	4510092.94
1509	3510019.06	4510136.03
1510	3510129.48	4510031
1511	3510111.85	4510133.35
1512	3510155.33	4510161.05
1513	3510171.9	4510040.41
1514	3510189.51	4510024.65
1515	3510076.47	4510017.3
1516	3510091.73	4510077.99
1517	3510016.79	4510135.84
1518	3510167.49	4510137.84
1519	3510042.37	4510185.14
1520	3510058.43	4510082.03
1521	3510115.41	4510191.62
1522	3510086.42	4510002.85
1523	3510026.86	4510188.2
1524	3510060.73	4510147.28
1525	3510044.8	4510177.42
1526	3510179.03	4510125.59
1527	3510024.09	4510121.84
1528	3510139.91	4510162.13
1529	3510150.93	4510070.98
1530	3510077.01	4510119.27
1531	3510033.15	4510133.39
1532	3510008.27	4510086.26
1533	3510112.11	4510122.17
1534	3510130.71	4510110.26
1535	3510086.03	4510174.56
1536	3510150.63	4510152.07
1537	3510133.57	4510061.02
1538	3510164.42	4510160.66
1539	3510023.77	4510170.71
1540	3510193.86	4510111.89
1541	3510066.92	4510038.72
1542	3510065.58	4510108.58
1543	3510192.32	4510097.94
1544	3510011.16	4510147.54
1545	3510125.69	4510037.97
1546	3510045.82	4510018.94
1547	3510076.29	4510020.38
1548	3510084.44	4510044.35
1549	3510153.93	4510074.4
1550	3510043.07	4510140.56
1551	3510088.2	4510140.62
1552	3510093.63	4510130.05
1553	3510143.23	4510192.79
1554	3510020.35	4510101.61
1555	3510197.11	4510107.78
1556	3510023.81	4510011.82
1557	3510013.64	4510104.91
1558	3510059.04	4510195.86
1559	3510158.26	4510153.27
1560	3510166.15	4510114.51
1561	3510090.79	4510068.29
1562	3510191.34	4510028.62
1563	3510046.34	4510197.71
1564	3510040.99	4510142.55
1565	3510063.3	4510014.55
1566	3510069.8	4510126.36
1567	3510020.25	4510024.15
1568	3510019.37	4510015.63
1569	3510193.91	4510196.95
1570	3510039.93	4510081.78
1571	3510032.57	4510163.54
1572	3510193.55	4510051.92
1573	3510050.22	4510024.1
1574	3510120.97	4510012.65
1575	3510069.2	4510018.61
1576	3510076.16	4510056.9
1577	3510186.78	4510087.8
1578	3510160.86	4510008.37
1579	3510015.04	4510150.85
1580	3510152.64	4510036.86
1581	3510060.07	4510152.26
1582	3510005.99	4510167.03
1583	3510155.46	4510006.34
1584	3510114.41	4510008.41
1585	3510011.82	4510195.46
1586	3510070.81	4510055.05
1587	3510001.38	4510040.95
1588	3510152.75	4510083.51
1589	3510121.97	4510136.88
1590	3510172.74	4510152.24
1591	3510199.06	4510025.31
1592	3510103.3	4510031.32
1593	3510026.57	4510066.52
1594	3510104.34	4510046.88
1595	3510180.35	4510073.8
1596	3510125.79	4510199.23
1597	3510185.01	4510068.46
1598	3510179.98	4510050.6
1599	3510052.83	4510007.61
1600	3510010.47	4510047.96
1601	3510078.24	4510198.62
1602	3510000.96	4510120.68
1603	3510013.95	4510044.36
1604	3510084.73	4510008.86
1605	3510168.02	4510167.24
1606	3510073.79	4510199.01
1607	3510151.65	4510134.08
1608	3510099.07	4510184.35
1609	3510090.37	4510055.28
1610	3510135.84	4510114.51
1611	3510112.22	4510115.73
1612	3510192.18	4510141.97
1613	3510007.34	4510036.63
1614	3510095.94	4510153.02
1615	3510012.06	4510125.5
1616	3510170.52	4510032.97
1617	3510066.89	4510150.23
1618	3510076.99	4510083.37
1619	3510185.83	4510154.26
1620	3510070.66	4510103.38
1621	3510039.21	4510149.23
1622	3510017.84	4510147.64
1623	3510177.02	4510077.97
1624	3510153.24	4510100.23
1625	3510138.14	4510188.97
1626	3510111.14	4510175.09
1627	3510032.22	4510013.64
1628	3510075.33	4510182.41
1629	3510176.75	4510024.65
1630	3510092.96	4510167.06
1631	3510142.34	4510177.12
1632	3510010.73	4510031.62
1633	3510119.02	4510008.7
1634	3510133.58	4510078.27
1635	3510122.79	4510196.56
1636	3510138.19	4510060.09
1637	3510181.93	4510072.43
1638	3510183.37	4510172.93
1639	3510119.65	4510116.64
1640	3510047.45	4510091.3
1641	3510183.93	4510136.52
1642	3510159.08	4510189.99
1643	3510163.94	4510059.69
1644	3510089.23	4510111.8
1645	3510088.68	4510177.81
1646	3510005.34	4510065.59
1647	3510077.83	4510035.34
1648	3510057.8	4510135.48
1649	3510019.26	4510056.93
1650	3510038.24	4510184.9
1651	3510036.09	4510155.76
1652	3510080.32	4510032.35
1653	3510182.38	4510058.8
1654	3510095.55	4510153.86
1655	3510015.86	4510074.01
1656	3510101.29	4510184.01
1657	3510086.25	4510139.57
1658	3510110.08	4510146.64
1659	3510013.28	4510181.95
1660	3510184.82	4510182.98
1661	3510145.74	4510186.71
1662	3510068.42	4510055.74
1663	3510148.52	4510078.19
1664	3510125.82	4510161.65
1665	3510169.95	4510120.27
1666	3510003.82	4510147.6
1667	3510149.52	4510162.38
1668	3510015.04	4510122.68
1669	3510061.76	4510001.02
1670	3510015.85	4510017.21
1671	3510047.16	4510121.86
1672	3510165.21	4510125.99
1673	3510097.26	4510096.18
1674	3510094.9	4510122.84
1675	3510147.15	4510163.27
1676	3510183.21	4510040.49
1677	3510043.39	4510138.35
1678	3510007.24	4510093.02
1679	3510095.58	4510070.62
1680	3510042.94	4510045.27
1681	3510035.09	4510199.59
1682	3510080.02	4510191.02
1683	3510099.21	4510053.07
1684	3510178.23	4510103.42
1685	3510116.45	4510116.35
1686	3510121.14	4510059.25
1687	3510064.71	4510035.01
1688	3510084.64	4510027.56
1689	3510116.15	4510072.44
1690	3510177.02	4510139.04
1691	3510042.3	4510054.69
1692	3510035.75	4510022.2
1693	3510006.15	4510002.91
1694	3510134.02	4510120.29
1695	3510013.68	4510187.67
1696	3510106.89	4510022.25
1697	3510033.13	4510164.93
1698	3510188.17	4510056.92
1699	3510091.85	4510004.93
1700	3510069.92	4510099.48
1701	3510133.88	4510059.25
1702	3510072.74	4510005.1
1703	3510126.37	4510147.52
1704	3510003.38	4510137.03
1705	3510120.36	4510096.62
1706	3510160.69	4510127.48
1707	3510120.28	4510118.96
1708	3510015.65	4510056.72
1709	3510082.37	4510008.83
1710	3510180.59	4510134.09
1711	3510183.11	4510128.01
1712	3510198.25	4510198.68
1713	3510053.3	4510077.09
1714	3510062.49	4510021.68
1715	3510014.82	4510017.99
1716	3510175.91	4510037.28
1717	3510060.54	4510164.91
1718	3510077.62	4510036.12
1719	3510013.81	4510084.09
1720	3510075.4	4510139.98
1721	3510147.87	4510118.11
1722	3510044.32	4510153.48
1723	3510184.96	4510038.58
1724	3510180.29	4510194.5
1725	3510048.06	4510143.34
1726	3510145.77	4510044.71
1727	3510185.42	4510011.05
1728	3510175.46	4510135.87
1729	3510056.42	4510145.39
1730	3510074.7	4510194.3
1731	3510165.74	4510074.67
1732	3510174.47	4510068.75
1733	3510162.2	4510094.15
1734	3510138.14	4510050.68
1735	3510145.31	4510096.96
1736	3510055.41	4510123.84
1737	3510168.03	4510070.66
1738	3510002.42	4510147.45
1739	3510067.61	4510168.96
1740	3510075.44	4510020.6
1741	3510126.43	4510129.75
1742	3510000.41	4510183.57
1743	3510117.64	4510020.7
1744	3510000.03	4510193.31
1745	3510165.73	4510126.11
1746	3510060.76	4510076.51
1747	3510132.46	4510182.21
1748	3510172.83	4510162.69
1749	3510098.84	4510092.3
1750	3510005.71	4510167.85
1751	3510104.07	4510112.42
1752	3510042.57	4510077.68
1753	3510023.64	4510101.4
1754	3510086.95	4510042.16
1755	3510150.17	4510192.82
1756	3510083.57	4510154.86
1757	3510120.17	4510177.74
1758	3510196.49	4510085.64
1759	3510024.53	4510087.81
1760	3510076.08	4510197.29
1761	3510049.51	4510037.78
1762	3510121.49	4510142.22
1763	3510004.51	4510184.85
1764	3510196.08	4510074.99
1765	3510150.28	4510139.38
1766	3510100.21	4510035.79
1767	3510125.52	4510001.06
1768	3510076.88	4510130.41
1769	3510174.82	4510198.36
1770	3510108.73	4510029.07
1771	3510137.23	4510154.11
1772	3510006.15	4510065.6
1773	3510085.04	4510191.47
1774	3510162.61	4510146.4
1775	3510187.26	4510190.26
1776	3510194.97	4510067.04
1777	3510103.6	4510083.24
1778	3510185.89	4510160.04
1779	3510180.72	4510004.51
1780	3510120.08	4510124.09
1781	3510130.36	4510046.7
1782	3510088.82	4510083.7
1783	3510171.62	4510024.67
1784	3510072.89	4510015.7
1785	3510117.21	4510160.13
1786	3510044.62	4510118.45
1787	3510193.85	4510017.38
1788	3510136.85	4510150.98
1789	3510023.29	4510095.56
1790	3510155.14	4510187.68
1791	3510181.01	4510013.8
1792	3510024.23	4510067.5
1793	3510125.84	4510037.13
1794	3510023.91	4510073.77
1795	3510159.11	4510016.29
1796	3510181.26	4510140.72
1797	3510140.11	4510013.86
1798	3510073.57	4510066.43
1799	3510179.54	4510148.35
1800	3510020.21	4510063.48
1801	3510129.59	4510139.9
1802	3510015.67	4510134.59
1803	3510101.73	4510022.03
1804	3510021.01	4510087.47
1805	3510145.61	4510040.92
1806	3510118.54	4510031.09
1807	3510017.21	4510024.17
1808	3510161.14	4510187.26
1809	3510108.94	4510047.51
1810	3510192.85	4510044.51
1811	3510157.19	4510063.89
1812	3510048.64	4510146.44
1813	3510096.85	4510123.01
1814	3510145.73	4510135.71
1815	3510020.76	4510182.36
1816	3510175.94	4510064.39
1817	3510117.52	4510035.19
1818	3510022.91	4510071.16
1819	3510196.97	4510155.11
1820	3510097.77	4510125.2
1821	3510004.05	4510154
1822	3510061.18	4510012.6
1823	3510105.27	4510104.03
1824	3510172.97	4510171.55
1825	3510182.58	4510172.76
1826	3510040.95	4510010.1
1827	3510107.27	4510111.05
1828	3510119.06	4510069.76
1829	3510021.3	4510066.91
1830	3510164.73	4510034.54
1831	3510041.25	4510130.93
1832	3510116.09	4510179.69
1833	3510006.6	4510001.38
1834	3510055.33	4510104.81
1835	3510019.92	4510177.35
1836	3510136.47	4510049.66
1837	3510000.45	4510109.25
1838	3510026.84	4510026.41
1839	3510086.31	4510152.5
1840	3510010.06	4510118.8
1841	3510006.7	4510142.08
1842	3510131.92	4510166.24
1843	3510139.64	4510124.36
1844	3510027.39	4510185.57
1845	3510181.82	4510143.41
1846	3510014.29	4510086.87
1847	3510109.08	4510005.55
1848	3510096.56	4510096.11
1849	3510047.41	4510115.14
1850	3510044.58	4510009.2
1851	3510090.1	4510110.79
1852	3510149.59	4510145.26
1853	3510161.47	4510100.24
1854	3510008.87	4510144.06
1855	3510116.71	4510177.5
1856	3510039.03	4510039.28
1857	3510072.36	4510069.53
1858	3510045.82	4510078.8
1859	3510018.93	4510198.37
1860	3510012.95	4510180.99
1861	3510004.8	4510034.82
1862	3510124.23	4510017.78
1863	3510023.64	4510041.1
1864	3510061.18	4510017.06
1865	3510009.59	4510120.85
1866	3510050.15	4510000.34
1867	3510113.12	4510100.53
1868	3510129.57	4510171.63
1869	3510149.82	4510190.4
1870	3510089.34	4510156.14
1871	3510093.75	4510022.69
1872	3510121.75	4510151.02
1873	3510016.22	4510099.9
1874	3510096.14	4510090.18
1875	3510004.12	4510090.62
1876	3510095.64	4510017.88
1877	3510149.55	4510184.05
1878	3510121.47	4510055.3
1879	3510122.33	4510060.28
1880	3510127.44	4510183.64
1881	3510022.05	4510137.97
1882	3510158.73	4510198.63
1883	3510139.13	4510170.58
1884	3510028.3	4510193.38
1885	3510045.55	4510147.38
1886	3510060.7	4510161.41
1887	3510062.02	4510018.23
1888	3510136.99	4510060.12
1889	3510031.46	4510016.78
1890	3510135.44	4510071.39
1891	3510026.25	4510044.83
1892	3510198.22	4510068.88
1893	3510031.98	4510068.74
1894	3510109.03	4510144.13
1895	3510116.87	4510069.9
1896	3510170.67	4510151.43
1897	3510090.82	4510067.47
1898	3510034.72	4510016.34
1899	3510191.89	4510190.41
1900	3510106.77	4510166.91
1901	3510157.64	4510123.09
1902	3510074.25	4510036.86
1903	3510166.67	4510101.7
1904	3510109.43	4510117.16
1905	3510171.98	4510153.61
1906	3510070.21	4510162.35
1907	3510129.81	4510194.21
1908	3510031.21	4510047.02
1909	3510116.36	4510110.04
1910	3510173.03	4510042.25
1911	3510112.13	4510109.22
1912	3510068.5	4510023.28
1913	3510028.34	4510123.92
1914	3510023.81	4510139
1915	3510039.75	4510188.86
1916	3510060.59	4510003.99
1917	3510110	4510013.74
1918	3510091.74	4510157.52
1919	3510001.77	4510186.49
1920	3510181.8	4510071.44
1921	3510122.4	4510191.64
1922	3510097.01	4510011.29
1923	3510145.35	4510065.63
1924	3510111.73	4510030.89
1925	3510124.99	4510196.25
1926	3510176.03	4510063.03
1927	3510100.32	4510144.11
1928	3510161.81	4510198.78
1929	3510142.19	4510034.46
1930	3510043.76	4510141.28
1931	3510130.12	4510163.36
1932	3510045.05	4510039.34
1933	3510075.87	4510133.19
1934	3510117.04	4510105.98
1935	3510036.19	4510128.47
1936	3510004.46	4510097.81
1937	3510125.11	4510187.31
1938	3510157.45	4510095.67
1939	3510007.25	4510168.01
1940	3510188.43	4510184.94
1941	3510155.27	4510146.75
1942	3510112.08	4510139.28
1943	3510189.02	4510101.72
1944	3510010.56	4510034.93
1945	3510140.61	4510077.66
1946	3510185.94	4510105.73
1947	3510065.91	4510119.86
1948	3510180.23	4510178.68
1949	3510153.64	4510084.67
1950	3510191.01	4510160.78
1951	3510133.96	4510056.55
1952	3510034.24	4510018.8
1953	3510166.14	4510113.74
1954	3510086.42	4510090.51
1955	3510075.5	4510095.39
1956	3510085.08	4510046.46
1957	3510023.35	4510158.86
1958	3510164.26	4510063.83
1959	3510038.07	4510050.37
1960	3510060.91	4510150.61
1961	3510164.93	4510099.34
1962	3510138.72	4510139.51
1963	3510028.5	4510183.63
1964	3510069.99	4510165.34
1965	3510101.19	4510076.01
1966	3510133.04	4510161.77
1967	3510035.53	4510056.6
1968	3510193.17	4510187.05
1969	3510018.47	4510012.35
1970	3510099.56	4510190.85
1971	3510138.53	4510155.8
1972	3510011.01	4510106.4
1973	3510037.69	4510088.71
1974	3510095.14	4510187.09
1975	3510124.15	4510034.18
1976	3510079.68	4510162.48
1977	3510116.2	4510054.09
1978	3510009.79	4510089.24
1979	3510112.58	4510034.29
1980	3510119.94	4510074.1
1981	3510089.03	4510079.11
1982	3510080.47	4510071.54
1983	3510112.1	4510155.74
1984	3510077.52	4510100.67
1985	3510060.99	4510141.1
1986	3510038.98	4510065.47
1987	3510014.22	4510165.29
1988	3510097.83	4510000.67
1989	3510072.66	4510013.62
1990	3510174.95	4510152.63
1991	3510158.4	4510148.73
1992	3510133.2	4510035.04
1993	3510014.63	4510127.08
1994	3510175.86	4510008.86
1995	3510138.87	4510150.01
1996	3510160.93	4510087.02
1997	3510005.24	4510089.32
1998	3510159.43	4510091.59
1999	3510148.7	4510186.19